INSERT INTO `PROPERTY_CATEGORY` ( `ID`,`CATEGORY`) VALUES
( 1,'gb_limit'),
( 2,'color');


INSERT INTO `PRODUCT_TYPE` (`ID`, `TYPE`) VALUES
(1, 'phone'),
(2, 'subscription');


INSERT INTO `PROPERTY` (`ID`, `PROP_CAT_ID`, `PROPERTY`) VALUES
(1, 1, '50'),
(2, 1, '10'),
(3, 2, 'grön'),
(4, 2, 'purpur'),
(5, 2, 'guld'),
(6, 2, 'brun'),
(7, 2, 'rosa'),
(8, 2, 'indigo'),
(9, 2, 'grå'),
(10, 2, 'röd'),
(11, 2, 'vit'),
(12, 2, 'silver'),
(13, 2, 'lila'),
(14, 2, 'gul'),
(15, 2, 'svart');

INSERT INTO `product` (`ID`, `TYPE`, `PROPERTIES`, `PRICE`, `STORED_ADDRESS`) VALUES
(2, 1, 3, 277.0, 'Blake gränden, Karlskrona'),
(3, 2, 1, 415.0, 'Odell gatan, Stockholm'),
(4, 2, 2, 202.0, 'Fausto vägen, Karlskrona'),
(5, 1, 4, 130.0, 'Gustafsson gärdet, Karlskrona'),
(6, 1, 5, 271.0, 'Nilsson allén, Stockholm'),
(7, 1, 5, 45.00, 'Gustafsson gärdet, Malmö'),
(8, 2, 1, 178.0, 'Karlsson allén, Karlskrona'),
(9, 1, 6, 380.0, 'Svensson gatan, Stockholm'),
(10, 2, 2, 991.0, 'Emma allén, Malmö'),
(11, 1, 6, 17.00, 'Eriksson vägen, Karlskrona'),
(12, 1, 4, 704.0, 'Eriksson gatan, Malmö'),
(13, 2, 2, 467.0, 'Kirsten gränden, Karlskrona'),
(14, 2, 1, 334.0, 'Candido gränden, Malmö'),
(15, 2, 1, 676.0, 'Nilsson gatan, Stockholm'),
(16, 1, 6, 952.0, 'Olsson allén, Malmö'),
(17, 1, 7, 705.0, 'Larsson vägen, Malmö'),
(18, 1, 8, 345.0, 'Glen allén, Stockholm'),
(19, 2, 2, 738.0, 'Karlsson allén, Karlskrona'),
(20, 2, 1, 869.0, 'Flo vägen, Stockholm'),
(21, 2, 1, 476.0, 'Johansson gatan, Malmö'),
(22, 2, 1, 431.0, 'Margarita allén, Malmö'),
(23, 2, 1, 581.0, 'Persson gränden, Karlskrona'),
(24, 2, 1, 995.0, 'Karlsson gatan, Stockholm'),
(25, 2, 1, 636.0, 'Alvina gränden, Stockholm'),
(26, 2, 2, 99.00, 'Eriksson allén, Stockholm'),
(27, 2, 2, 599.0, 'Olsson gatan, Stockholm'),
(28, 2, 1, 739.0, 'Karlsson gärdet, Stockholm'),
(29, 2, 2, 74.00, 'Karlsson allén, Stockholm'),
(30, 2, 1, 578.0, 'Madge allén, Stockholm'),
(31, 1, 6, 677.0, 'Granville vägen, Malmö'),
(32, 2, 2, 445.0, 'Delfina gränden, Karlskrona'),
(33, 1, 9, 708.0, 'Jamie allén, Stockholm'),
(34, 1, 10, 175.0, 'Eriksson vägen, Malmö'),
(35, 1, 9, 951.0, 'Laurianne vägen, Malmö'),
(36, 1, 7, 955.0, 'Karlsson allén, Malmö'),
(37, 2, 1, 204.0, 'Karlsson allén, Stockholm'),
(38, 1, 7, 475.0, 'Karlsson vägen, Stockholm'),
(39, 1, 11, 388.0, 'Tyson gärdet, Karlskrona'),
(40, 1, 12, 894.0, 'Nilsson gränden, Karlskrona'),
(41, 2, 1, 584.0, 'Amaya allén, Karlskrona'),
(42, 1, 11, 672.0, 'Olsson allén, Stockholm'),
(43, 1, 13, 272.0, 'Millie vägen, Stockholm'),
(44, 2, 1, 774.0, 'Nilsson gatan, Stockholm'),
(45, 2, 1, 191.0, 'Hazel allén, Malmö'),
(46, 2, 1, 474.0, 'Karlsson gärdet, Stockholm'),
(47, 2, 2, 37.00, 'Johansson gärdet, Stockholm'),
(48, 2, 1, 255.0, 'Rosella gränden, Karlskrona'),
(49, 2, 2, 738.0, 'Johansson gatan, Stockholm'),
(50, 2, 1, 342.0, 'Lorna vägen, Stockholm'),
(51, 2, 1, 800.0, 'Olsson gatan, Karlskrona'),
(52, 1, 12, 528.0, 'Jaydon allén, Karlskrona'),
(53, 2, 1, 62.00, 'Juston gärdet, Malmö'),
(54, 2, 2, 300.0, 'Allene gränden, Karlskrona'),
(55, 2, 2, 102.0, 'Rachelle gärdet, Karlskrona'),
(56, 2, 1, 497.0, 'Johansson gatan, Karlskrona'),
(57, 1, 12, 749.0, 'Nilsson gärdet, Malmö'),
(58, 2, 2, 643.0, 'Ludwig gärdet, Malmö'),
(59, 1, 7, 263.0, 'Ezekiel gränden, Karlskrona'),
(60, 2, 1, 470.0, 'Jasmin vägen, Stockholm'),
(61, 2, 1, 971.0, 'Noble gärdet, Malmö'),
(62, 2, 1, 432.0, 'Larsson allén, Karlskrona'),
(63, 1, 5, 670.0, 'Persson gränden, Karlskrona'),
(64, 2, 2, 809.0, 'Camille gärdet, Stockholm'),
(65, 1, 6, 58.00, 'Karlsson gatan, Stockholm'),
(66, 1, 7, 264.0, 'Esther gärdet, Karlskrona'),
(67, 1, 9, 87.00, 'Johansson vägen, Stockholm'),
(68, 2, 2, 208.0, 'Persson allén, Malmö'),
(69, 1, 5, 53.00, 'Sheridan gränden, Karlskrona'),
(70, 2, 1, 282.0, 'Olsson gatan, Stockholm'),
(71, 1, 3, 299.0, 'Alberta gränden, Malmö'),
(72, 2, 2, 34.00, 'Andersson allén, Malmö'),
(73, 1, 5, 546.0, 'Zora gärdet, Stockholm'),
(74, 1, 5, 49.00, 'Patrick gatan, Stockholm'),
(75, 2, 2, 250.0, 'Edmund gärdet, Stockholm'),
(76, 2, 1, 454.0, 'Emmalee gränden, Malmö'),
(77, 1, 5, 967.0, 'Svensson allén, Malmö'),
(78, 2, 2, 527.0, 'Ardella gärdet, Karlskrona'),
(79, 2, 2, 784.0, 'Persson vägen, Karlskrona'),
(80, 2, 1, 676.0, 'Persson gärdet, Karlskrona'),
(81, 1, 3, 415.0, 'Hollis gränden, Stockholm'),
(82, 1, 14, 172.0, 'Winona gatan, Malmö'),
(83, 1, 14, 224.0, 'Johansson gatan, Malmö'),
(84, 1, 12, 904.0, 'Gustafsson gärdet, Malmö'),
(85, 2, 2, 699.0, 'Gustafsson vägen, Malmö'),
(86, 1, 3, 81.00, 'Larsson vägen, Stockholm'),
(87, 1, 12, 250.0, 'Grady gatan, Karlskrona'),
(88, 1, 3, 148.0, 'Olsson vägen, Malmö'),
(89, 1, 15, 26.00, 'Persson gatan, Stockholm'),
(90, 2, 1, 837.0, 'Tremaine vägen, Karlskrona'),
(91, 2, 2, 214.0, 'Nilsson vägen, Malmö'),
(92, 1, 9, 288.0, 'Persson vägen, Malmö'),
(93, 2, 1, 227.0, 'Cecil gränden, Malmö'),
(94, 2, 2, 62.00, 'Svensson allén, Stockholm'),
(95, 2, 2, 951.0, 'Nilsson gatan, Stockholm'),
(96, 2, 1, 271.0, 'Barney gränden, Malmö'),
(97, 2, 1, 705.0, 'Karlsson vägen, Stockholm'),
(98, 2, 2, 953.0, 'Loyal vägen, Stockholm'),
(99, 2, 1, 130.0, 'Karlsson gränden, Karlskrona'),
(100, 1, 12, 474.0, 'Caesar gatan, Stockholm'),
(101, 2, 1, 592.0, 'Donavon allén, Stockholm');

